judge,dataset,metric,fraction,sel_spearman,canon_spearman,delta_spearman,test_oracle_regret,pick_canonical_rate,canonical_range,calib_size,n_units
gemini31_pro,summeval,coh,0.1,0.6048,0.622,-0.0172,0.0172,0.565,1_5,10,99
gemini31_pro,summeval,coh,0.2,0.6119,0.6218,-0.0099,0.01,0.703,1_5,20,99
gemini31_pro,summeval,coh,0.3,0.614,0.6218,-0.0078,0.0079,0.784,1_5,30,99
gemini31_pro,summeval,coh,0.4,0.616,0.6229,-0.0069,0.0073,0.83,1_5,40,99
gemini31_pro,summeval,coh,0.5,0.6162,0.6219,-0.0057,0.0067,0.878,1_5,50,99
gemini31_pro,summeval,con,0.1,0.5213,0.5541,-0.0329,0.0329,0.747,1_5,9,94
gemini31_pro,summeval,con,0.2,0.541,0.554,-0.013,0.013,0.909,1_5,19,94
gemini31_pro,summeval,con,0.3,0.5486,0.5551,-0.0066,0.0066,0.96,1_5,28,94
gemini31_pro,summeval,con,0.4,0.5526,0.5544,-0.0018,0.0018,0.99,1_5,38,94
gemini31_pro,summeval,con,0.5,0.5532,0.5535,-0.0003,0.0003,0.999,1_5,47,94
gemini31_pro,summeval,flu,0.1,0.4064,0.3744,0.0319,0.035,0.248,1_5,10,98
gemini31_pro,summeval,flu,0.2,0.4222,0.3752,0.047,0.0192,0.169,1_5,20,98
gemini31_pro,summeval,flu,0.3,0.4281,0.3745,0.0536,0.0127,0.115,1_5,29,98
gemini31_pro,summeval,flu,0.4,0.4335,0.375,0.0585,0.008,0.065,1_5,39,98
gemini31_pro,summeval,flu,0.5,0.4358,0.3743,0.0615,0.0063,0.04,1_5,49,98
gemini31_pro,summeval,rel,0.1,0.528,0.5449,-0.0168,0.0168,0.858,1_5,10,97
gemini31_pro,summeval,rel,0.2,0.5395,0.5445,-0.005,0.005,0.959,1_5,19,97
gemini31_pro,summeval,rel,0.3,0.5432,0.5442,-0.0011,0.0011,0.992,1_5,29,97
gemini31_pro,summeval,rel,0.4,0.5447,0.5449,-0.0001,0.0001,0.999,1_5,39,97
gemini31_pro,summeval,rel,0.5,0.5449,0.5451,-0.0002,0.0002,0.999,1_5,48,97
gemini31_pro,newsroom,coh,0.1,0.481,0.4965,-0.0155,0.0482,0.234,1_5,6,60
gemini31_pro,newsroom,coh,0.2,0.4828,0.4977,-0.0149,0.0489,0.233,1_5,12,60
gemini31_pro,newsroom,coh,0.3,0.4834,0.4958,-0.0124,0.0472,0.223,1_5,18,60
gemini31_pro,newsroom,coh,0.4,0.4893,0.4983,-0.009,0.0467,0.202,1_5,24,60
gemini31_pro,newsroom,coh,0.5,0.4859,0.4974,-0.0115,0.0544,0.202,1_5,30,60
gemini31_pro,newsroom,flu,0.1,0.3654,0.4156,-0.0501,0.0503,0.35,1_5,6,60
gemini31_pro,newsroom,flu,0.2,0.3666,0.4156,-0.0489,0.0502,0.444,1_5,12,60
gemini31_pro,newsroom,flu,0.3,0.3734,0.417,-0.0436,0.0464,0.512,1_5,18,60
gemini31_pro,newsroom,flu,0.4,0.3801,0.4157,-0.0356,0.0416,0.625,1_5,24,60
gemini31_pro,newsroom,flu,0.5,0.3823,0.4152,-0.0329,0.0418,0.684,1_5,30,60
gemini31_pro,newsroom,inf,0.1,0.3641,0.3957,-0.0316,0.0416,0.184,1_5,6,60
gemini31_pro,newsroom,inf,0.2,0.3643,0.3952,-0.0308,0.0431,0.246,1_5,12,60
gemini31_pro,newsroom,inf,0.3,0.3623,0.396,-0.0337,0.05,0.244,1_5,18,60
gemini31_pro,newsroom,inf,0.4,0.3622,0.3955,-0.0333,0.0534,0.303,1_5,24,60
gemini31_pro,newsroom,inf,0.5,0.3579,0.395,-0.0371,0.0623,0.331,1_5,30,60
gemini31_pro,newsroom,rel,0.1,0.3395,0.3013,0.0382,0.0536,0.093,1_5,6,60
gemini31_pro,newsroom,rel,0.2,0.3371,0.2991,0.038,0.0572,0.071,1_5,12,60
gemini31_pro,newsroom,rel,0.3,0.3377,0.3029,0.0348,0.0616,0.038,1_5,18,60
gemini31_pro,newsroom,rel,0.4,0.334,0.3016,0.0324,0.0673,0.023,1_5,24,60
gemini31_pro,newsroom,rel,0.5,0.3385,0.2986,0.0399,0.0707,0.016,1_5,30,60
gemini31_pro,tc,coh,0.1,0.5689,0.5966,-0.0277,0.0739,0.284,0_1,5,50
gemini31_pro,tc,coh,0.2,0.5884,0.5982,-0.0098,0.0546,0.242,0_1,10,50
gemini31_pro,tc,coh,0.3,0.5989,0.5963,0.0026,0.0446,0.244,0_1,15,50
gemini31_pro,tc,coh,0.4,0.6072,0.5963,0.0109,0.0369,0.19,0_1,20,50
gemini31_pro,tc,coh,0.5,0.6142,0.5967,0.0176,0.0331,0.16,0_1,25,50
gemini31_pro,tc,eng,0.1,0.6258,0.6826,-0.0568,0.0586,0.266,1_3,5,50
gemini31_pro,tc,eng,0.2,0.6356,0.6828,-0.0472,0.0517,0.359,1_3,10,50
gemini31_pro,tc,eng,0.3,0.6432,0.6833,-0.0401,0.0476,0.425,1_3,15,50
gemini31_pro,tc,eng,0.4,0.6383,0.6829,-0.0446,0.0554,0.44,1_3,20,50
gemini31_pro,tc,eng,0.5,0.6418,0.6819,-0.0401,0.0553,0.513,1_3,25,50
gemini31_pro,tc,gro,0.1,0.3766,0.3392,0.0374,0.09,0.136,0_1,5,50
gemini31_pro,tc,gro,0.2,0.3795,0.3372,0.0424,0.0886,0.097,0_1,10,50
gemini31_pro,tc,gro,0.3,0.3816,0.3387,0.0429,0.0901,0.083,0_1,15,50
gemini31_pro,tc,gro,0.4,0.3816,0.3389,0.0427,0.0963,0.054,0_1,20,50
gemini31_pro,tc,gro,0.5,0.3929,0.3403,0.0526,0.0916,0.033,0_1,25,50
gemini31_pro,tc,nat,0.1,0.5203,0.5936,-0.0733,0.0734,0.426,1_3,5,50
gemini31_pro,tc,nat,0.2,0.5297,0.5945,-0.0648,0.0652,0.534,1_3,10,50
gemini31_pro,tc,nat,0.3,0.5377,0.5943,-0.0566,0.0582,0.628,1_3,15,50
gemini31_pro,tc,nat,0.4,0.5449,0.5946,-0.0497,0.054,0.697,1_3,20,50
gemini31_pro,tc,nat,0.5,0.5513,0.5931,-0.0418,0.0513,0.775,1_3,25,50
gemini31_pro,wp_a,coh,0.1,0.5069,0.5749,-0.068,0.068,0.422,1_5,40,400
gemini31_pro,wp_a,coh,0.2,0.5256,0.5749,-0.0493,0.0493,0.595,1_5,80,400
gemini31_pro,wp_a,coh,0.3,0.5428,0.5729,-0.0301,0.0302,0.775,1_5,120,400
gemini31_pro,wp_a,coh,0.4,0.5549,0.5726,-0.0177,0.0181,0.871,1_5,160,400
gemini31_pro,wp_a,coh,0.5,0.5611,0.5743,-0.0131,0.014,0.927,1_5,200,400
gemini31_pro,wp_a,enj,0.1,0.3461,0.413,-0.0669,0.0669,0.386,1_5,40,400
gemini31_pro,wp_a,enj,0.2,0.3547,0.412,-0.0573,0.0579,0.486,1_5,80,400
gemini31_pro,wp_a,enj,0.3,0.3621,0.413,-0.0509,0.0526,0.581,1_5,120,400
gemini31_pro,wp_a,enj,0.4,0.3709,0.413,-0.0422,0.0461,0.665,1_5,160,400
gemini31_pro,wp_a,enj,0.5,0.377,0.4107,-0.0337,0.0424,0.765,1_5,200,400
gemini31_pro,wp_a,gra,0.1,0.3625,0.3952,-0.0327,0.0631,0.271,1_5,40,400
gemini31_pro,wp_a,gra,0.2,0.3743,0.3952,-0.021,0.0535,0.302,1_5,80,400
gemini31_pro,wp_a,gra,0.3,0.3834,0.3954,-0.0121,0.0453,0.291,1_5,120,400
gemini31_pro,wp_a,gra,0.4,0.3873,0.393,-0.0056,0.0443,0.313,1_5,160,400
gemini31_pro,wp_a,gra,0.5,0.3937,0.395,-0.0013,0.0409,0.285,1_5,200,400
gemini31_pro,wp_a,rel,0.1,0.4151,0.4042,0.0109,0.0592,0.189,1_5,40,400
gemini31_pro,wp_a,rel,0.2,0.4199,0.4042,0.0157,0.0538,0.16,1_5,80,400
gemini31_pro,wp_a,rel,0.3,0.4212,0.4031,0.0181,0.0556,0.142,1_5,120,400
gemini31_pro,wp_a,rel,0.4,0.4292,0.4029,0.0263,0.0489,0.116,1_5,160,400
gemini31_pro,wp_a,rel,0.5,0.435,0.4063,0.0287,0.0449,0.06,1_5,200,400
