judge,dataset,metric,best_range,best_agreement_pct,spread_pp,regret_pp,vs_canonical_pp
gemini3_flash,summeval,coh,"[1,3]",54.0,2.9,0.46,+1.0
gemini3_flash,summeval,con,"[0,1]",51.8,2.6,0.93,+0.6
gemini3_flash,summeval,flu,"[1,3]",50.8,0.4,0.61,+0.2
gemini3_flash,summeval,rel,"[1,3]",58.3,5.1,0.50,+0.5
gemini3_flash,tc,coh,"[1,3]",62.3,13.1,1.30,+0.0
gemini3_flash,tc,eng,"[0,1]",70.3,9.2,2.82,+5.9
gemini3_flash,tc,gro,"[0,10]",54.8,3.9,1.77,+3.9
gemini3_flash,tc,nat,"[1,5]",69.7,7.8,1.43,+0.9
gemini3_flash,newsroom,coh,"[1,5]",61.4,2.8,2.53,+0.0
gemini3_flash,newsroom,flu,"[0,10]",50.1,3.3,1.51,+0.9
gemini3_flash,newsroom,inf,"[0,1]",57.5,6.9,1.40,+0.7
gemini3_flash,newsroom,rel,"[0,1]",77.7,13.1,1.95,+7.1
gemini3_flash,wp_a,coh,"[0,1]",60.7,11.8,3.57,+11.8
gemini3_flash,wp_a,enj,"[1,3]",54.5,54.5,1.81,+2.2
gemini3_flash,wp_a,gra,"[0,10]",53.1,5.5,5.84,+3.1
gemini3_flash,wp_a,rel,"[0,10]",60.6,7.3,3.74,+5.1
gemini31_pro,summeval,coh,"[1,3]",87.2,17.2,0.30,+1.8
gemini31_pro,summeval,con,"[1,5]",79.1,13.1,0.04,+0.0
gemini31_pro,summeval,flu,"[1,3]",75.7,14.9,0.39,+5.3
gemini31_pro,summeval,rel,"[1,5]",79.0,12.6,0.40,+0.0
gemini31_pro,tc,coh,"[1,3]",89.6,11.6,1.81,+0.0
gemini31_pro,tc,eng,"[1,3]",90.4,18.0,1.70,+0.0
gemini31_pro,tc,gro,"[1,3]",78.7,11.9,4.11,+7.2
gemini31_pro,tc,nat,"[1,3]",89.6,17.1,1.18,+0.0
gemini31_pro,newsroom,coh,"[1,5]",95.6,12.0,0.93,+0.0
gemini31_pro,newsroom,flu,"[1,3]",83.8,11.3,1.05,+0.8
gemini31_pro,newsroom,inf,"[1,5]",92.2,10.4,1.26,+0.0
gemini31_pro,newsroom,rel,"[1,3]",89.2,8.6,1.92,+4.2
gemini31_pro,wp_a,coh,"[1,3]",98.2,48.2,1.59,+0.5
gemini31_pro,wp_a,enj,"[1,3]",98.8,22.6,0.95,+8.5
gemini31_pro,wp_a,gra,"[1,3]",82.6,15.4,4.83,+0.8
gemini31_pro,wp_a,rel,"[1,5]",91.6,7.2,4.31,+0.0
gemma2_9b,summeval,coh,"[1,3]",88.4,3.6,0.25,+0.4
gemma2_9b,summeval,con,"[1,5]",89.8,2.9,0.36,+0.0
gemma2_9b,summeval,flu,"[1,3]",72.5,2.0,0.47,+1.1
gemma2_9b,summeval,rel,"[1,5]",89.2,4.9,0.14,+0.0
gemma2_9b,tc,coh,"[1,3]",94.8,6.2,0.56,+0.0
gemma2_9b,tc,eng,"[1,3]",93.1,4.2,0.88,+0.0
gemma2_9b,tc,gro,"[1,3]",93.7,6.8,0.83,+3.5
gemma2_9b,tc,nat,"[1,3]",90.3,3.6,0.85,+0.0
gemma2_9b,newsroom,coh,"[1,3]",93.2,7.8,0.73,+0.7
gemma2_9b,newsroom,flu,"[1,3]",90.0,9.1,0.92,+1.7
gemma2_9b,newsroom,inf,"[1,3]",94.2,7.7,0.46,+1.3
gemma2_9b,newsroom,rel,"[1,5]",89.5,5.5,0.53,+0.0
gemma2_9b,wp_a,coh,"[1,3]",95.2,6.5,1.63,+0.5
gemma2_9b,wp_a,enj,"[1,3]",95.2,4.4,1.83,+2.5
gemma2_9b,wp_a,gra,"[1,3]",94.6,3.1,1.75,+1.3
gemma2_9b,wp_a,rel,"[1,5]",92.6,7.5,1.72,+0.0
llama31_8b,summeval,coh,"[1,5]",86.9,9.7,1.41,+0.0
llama31_8b,summeval,con,"[0,1]",82.2,3.8,1.25,+1.3
llama31_8b,summeval,flu,"[0,10]",58.1,5.0,2.91,+1.1
llama31_8b,summeval,rel,"[1,5]",83.8,8.2,2.14,+0.0
llama31_8b,tc,coh,"[0,10]",84.8,6.4,6.94,+0.9
llama31_8b,tc,eng,"[0,100]",80.0,3.4,3.09,+0.8
llama31_8b,tc,gro,"[1,3]",83.1,4.3,3.24,+0.4
llama31_8b,tc,nat,"[0,100]",87.0,8.2,3.98,+8.2
llama31_8b,newsroom,coh,"[1,3]",85.3,5.2,1.73,+1.5
llama31_8b,newsroom,flu,"[0,10]",93.3,18.3,5.91,+13.3
llama31_8b,newsroom,inf,"[1,3]",86.4,5.6,2.10,+4.3
llama31_8b,newsroom,rel,"[1,3]",84.4,8.3,2.16,+4.0
llama31_8b,wp_a,coh,"[1,5]",86.2,13.4,6.01,+0.0
llama31_8b,wp_a,enj,"[1,5]",85.3,21.9,9.76,+0.0
llama31_8b,wp_a,gra,"[0,1]",76.1,9.8,5.46,+0.4
llama31_8b,wp_a,rel,"[1,3]",80.9,9.1,5.65,+9.1
qwen3_4b,summeval,coh,"[1,3]",80.6,2.3,0.69,+0.8
qwen3_4b,summeval,con,"[1,3]",88.0,8.6,0.48,+3.1
qwen3_4b,summeval,flu,"[1,3]",57.9,5.6,0.67,+5.6
qwen3_4b,summeval,rel,"[1,3]",87.2,9.9,0.02,+9.9
qwen3_4b,tc,coh,"[0,1]",86.8,1.9,1.53,+1.3
qwen3_4b,tc,eng,"[0,100]",81.7,1.0,1.45,+0.7
qwen3_4b,tc,gro,"[0,1]",89.8,8.3,0.99,+0.0
qwen3_4b,tc,nat,"[1,5]",87.9,6.6,1.61,+2.1
qwen3_4b,newsroom,coh,"[1,5]",83.6,3.9,0.86,+0.0
qwen3_4b,newsroom,flu,"[1,3]",48.1,8.0,1.05,+5.8
qwen3_4b,newsroom,inf,"[1,5]",88.7,1.1,0.94,+0.0
qwen3_4b,newsroom,rel,"[1,5]",87.0,2.3,1.12,+0.0
qwen3_4b,wp_a,coh,"[0,100]",75.3,6.2,3.07,+1.5
qwen3_4b,wp_a,enj,"[1,3]",77.9,6.2,3.33,+6.2
qwen3_4b,wp_a,gra,"[1,3]",71.6,6.9,3.21,+5.8
qwen3_4b,wp_a,rel,"[1,3]",77.1,6.0,3.76,+0.8
mistral_7b,summeval,coh,"[1,3]",76.4,2.7,0.11,+2.0
mistral_7b,summeval,con,"[1,5]",78.9,1.9,0.50,+0.0
mistral_7b,summeval,flu,"[0,1]",64.7,2.0,0.53,+0.4
mistral_7b,summeval,rel,"[1,3]",74.4,1.9,0.38,+1.3
mistral_7b,tc,coh,"[1,3]",84.1,4.0,0.93,+0.0
mistral_7b,tc,eng,"[1,3]",88.5,2.6,1.10,+0.0
mistral_7b,tc,gro,"[1,3]",87.9,4.2,1.26,+2.0
mistral_7b,tc,nat,"[1,3]",86.5,7.5,1.87,+0.0
mistral_7b,newsroom,coh,"[1,5]",68.2,5.1,1.10,+0.0
mistral_7b,newsroom,flu,"[1,3]",66.2,5.4,0.66,+1.6
mistral_7b,newsroom,inf,"[1,5]",70.7,4.3,1.38,+0.0
mistral_7b,newsroom,rel,"[1,3]",66.7,4.3,1.38,+0.1
mistral_7b,wp_a,coh,"[0,1]",83.0,3.9,3.30,+3.8
mistral_7b,wp_a,enj,"[1,3]",80.4,2.4,2.11,+0.4
mistral_7b,wp_a,gra,"[1,5]",82.8,5.5,4.65,+0.0
mistral_7b,wp_a,rel,"[0,1]",93.1,15.6,3.36,+6.9
gemma3_27b,summeval,coh,"[1,5]",81.7,4.1,0.44,+0.0
gemma3_27b,summeval,con,"[1,3]",96.7,10.4,0.11,+2.2
gemma3_27b,summeval,flu,"[1,3]",77.7,6.7,0.64,+5.6
gemma3_27b,summeval,rel,"[1,3]",84.6,4.7,0.53,+0.7
gemma3_27b,tc,coh,"[1,3]",91.3,6.2,0.79,+0.0
gemma3_27b,tc,eng,"[0,10]",92.6,2.3,1.19,+0.3
gemma3_27b,tc,gro,"[1,3]",90.4,5.5,0.99,+4.5
gemma3_27b,tc,nat,"[1,5]",90.5,2.4,1.00,+0.5
gemma3_27b,newsroom,coh,"[1,3]",86.7,4.2,0.75,+0.1
gemma3_27b,newsroom,flu,"[1,3]",82.8,2.8,1.44,+2.1
gemma3_27b,newsroom,inf,"[1,3]",91.6,5.9,0.58,+2.0
gemma3_27b,newsroom,rel,"[1,3]",88.4,7.5,0.63,+0.8
gemma3_27b,wp_a,coh,"[1,5]",98.1,3.0,1.07,+0.0
gemma3_27b,wp_a,enj,"[1,5]",94.9,2.8,1.80,+0.0
gemma3_27b,wp_a,gra,"[0,10]",96.8,5.1,1.26,+5.1
gemma3_27b,wp_a,rel,"[0,100]",94.5,2.8,1.88,+2.8
llama31_70b,summeval,coh,"[1,3]",92.0,3.9,3.46,+2.4
llama31_70b,summeval,con,"[1,5]",89.5,6.6,0.49,+0.0
llama31_70b,summeval,flu,"[1,3]",82.9,7.5,4.25,+5.5
llama31_70b,summeval,rel,"[1,3]",92.5,3.9,0.46,+0.4
llama31_70b,tc,coh,"[0,100]",100.0,9.7,5.87,+7.1
llama31_70b,tc,eng,"[0,100]",100.0,8.3,5.29,+4.9
llama31_70b,tc,gro,"[0,1]",92.2,11.0,2.24,+0.0
llama31_70b,tc,nat,"[0,100]",95.0,10.2,3.79,+4.3
llama31_70b,newsroom,coh,"[0,10]",96.1,8.6,2.53,+6.3
llama31_70b,newsroom,flu,"[1,5]",100.0,28.6,20.51,+0.0
llama31_70b,newsroom,inf,"[0,10]",93.8,3.5,0.83,+0.7
llama31_70b,newsroom,rel,"[1,3]",93.2,2.9,1.21,+1.3
llama31_70b,wp_a,coh,"[1,5]",100.0,6.7,5.73,+0.0
llama31_70b,wp_a,enj,"[0,100]",100.0,4.9,3.64,+4.9
llama31_70b,wp_a,gra,"[0,100]",100.0,9.6,10.50,+9.0
llama31_70b,wp_a,rel,"[1,3]",97.0,2.3,2.41,+1.7
