model,dataset,metric,rmin,rmax,is_canon,pearson,spearman,kendalltau,n_corr
gemma2_9b,summeval,coh,0,1,False,0.627595,0.607015,0.510598,100
gemma2_9b,summeval,coh,1,3,False,0.582618,0.581327,0.500693,100
gemma2_9b,summeval,coh,1,5,True,0.633063,0.623041,0.537568,100
gemma2_9b,summeval,coh,0,10,False,0.635645,0.624735,0.52697,100
gemma2_9b,summeval,coh,0,100,False,0.623179,0.619063,0.519883,100
gemma2_9b,summeval,con,0,1,False,0.550236,0.472224,0.423389,96
gemma2_9b,summeval,con,1,3,False,0.536868,0.464067,0.421325,96
gemma2_9b,summeval,con,1,5,True,0.539502,0.481027,0.441219,96
gemma2_9b,summeval,con,0,10,False,0.567312,0.470593,0.420549,96
gemma2_9b,summeval,con,0,100,False,0.547128,0.464991,0.419864,96
gemma2_9b,summeval,flu,0,1,False,0.376856,0.400411,0.36026,97
gemma2_9b,summeval,flu,1,3,False,0.393139,0.372183,0.340605,97
gemma2_9b,summeval,flu,1,5,True,0.362307,0.363253,0.330279,97
gemma2_9b,summeval,flu,0,10,False,0.363169,0.386738,0.347306,97
gemma2_9b,summeval,flu,0,100,False,0.429922,0.395822,0.351015,97
gemma2_9b,summeval,rel,0,1,False,0.575208,0.544636,0.457458,100
gemma2_9b,summeval,rel,1,3,False,0.564779,0.538378,0.46184,100
gemma2_9b,summeval,rel,1,5,True,0.562729,0.539189,0.46509,100
gemma2_9b,summeval,rel,0,10,False,0.565545,0.544439,0.459934,100
gemma2_9b,summeval,rel,0,100,False,0.57168,0.540539,0.457154,100
gemma2_9b,newsroom,coh,0,1,False,0.557604,0.581231,0.517045,59
gemma2_9b,newsroom,coh,1,3,False,0.444887,0.469993,0.417959,53
gemma2_9b,newsroom,coh,1,5,True,0.456696,0.467178,0.412721,60
gemma2_9b,newsroom,coh,0,10,False,0.538095,0.561784,0.494799,60
gemma2_9b,newsroom,coh,0,100,False,0.544435,0.567746,0.495887,60
gemma2_9b,newsroom,flu,0,1,False,0.57315,0.577523,0.499296,60
gemma2_9b,newsroom,flu,1,3,False,0.545707,0.540621,0.483187,53
gemma2_9b,newsroom,flu,1,5,True,0.585374,0.579339,0.513291,57
gemma2_9b,newsroom,flu,0,10,False,0.582608,0.592334,0.521407,60
gemma2_9b,newsroom,flu,0,100,False,0.605441,0.590683,0.510019,60
gemma2_9b,newsroom,inf,0,1,False,0.519651,0.519739,0.453645,60
gemma2_9b,newsroom,inf,1,3,False,0.452995,0.449366,0.402551,58
gemma2_9b,newsroom,inf,1,5,True,0.492412,0.492993,0.436816,60
gemma2_9b,newsroom,inf,0,10,False,0.533314,0.546147,0.465803,60
gemma2_9b,newsroom,inf,0,100,False,0.551418,0.538116,0.46112,60
gemma2_9b,newsroom,rel,0,1,False,0.502737,0.501777,0.424515,60
gemma2_9b,newsroom,rel,1,3,False,0.364824,0.368946,0.321695,60
gemma2_9b,newsroom,rel,1,5,True,0.428913,0.40847,0.356623,60
gemma2_9b,newsroom,rel,0,10,False,0.512692,0.494511,0.418402,60
gemma2_9b,newsroom,rel,0,100,False,0.519394,0.492024,0.418926,60
gemma2_9b,tc,coh,0,1,True,0.563185,0.584498,0.521621,49
gemma2_9b,tc,coh,1,3,False,0.584104,0.589063,0.545737,48
gemma2_9b,tc,coh,1,5,False,0.589011,0.594462,0.541585,49
gemma2_9b,tc,coh,0,10,False,0.579152,0.579929,0.511856,49
gemma2_9b,tc,coh,0,100,False,0.567963,0.569818,0.505485,49
gemma2_9b,tc,eng,0,1,False,0.751941,0.764517,0.688194,49
gemma2_9b,tc,eng,1,3,True,0.726622,0.735165,0.67057,48
gemma2_9b,tc,eng,1,5,False,0.699802,0.699674,0.625705,49
gemma2_9b,tc,eng,0,10,False,0.770116,0.760107,0.684864,49
gemma2_9b,tc,eng,0,100,False,0.749584,0.729728,0.650485,49
gemma2_9b,tc,gro,0,1,True,0.691243,0.675393,0.630852,48
gemma2_9b,tc,gro,1,3,False,0.605169,0.603483,0.570638,46
gemma2_9b,tc,gro,1,5,False,0.6682,0.656349,0.615165,47
gemma2_9b,tc,gro,0,10,False,0.663602,0.636151,0.583746,48
gemma2_9b,tc,gro,0,100,False,0.679513,0.654981,0.592386,48
gemma2_9b,tc,nat,0,1,False,0.644713,0.645675,0.564643,46
gemma2_9b,tc,nat,1,3,True,0.660186,0.658314,0.594224,45
gemma2_9b,tc,nat,1,5,False,0.619612,0.620096,0.551354,46
gemma2_9b,tc,nat,0,10,False,0.619645,0.616121,0.521663,46
gemma2_9b,tc,nat,0,100,False,0.622927,0.625801,0.536304,46
gemma2_9b,wp_a,coh,0,1,False,0.423844,0.421972,0.333183,400
gemma2_9b,wp_a,coh,1,3,False,0.386069,0.381048,0.319005,400
gemma2_9b,wp_a,coh,1,5,True,0.448345,0.461543,0.374959,400
gemma2_9b,wp_a,coh,0,10,False,0.440261,0.429816,0.333555,400
gemma2_9b,wp_a,coh,0,100,False,0.436272,0.42633,0.328828,400
gemma2_9b,wp_a,enj,0,1,False,0.377201,0.409314,0.31813,400
gemma2_9b,wp_a,enj,1,3,False,0.349738,0.368442,0.297882,400
gemma2_9b,wp_a,enj,1,5,True,0.401685,0.423366,0.334566,400
gemma2_9b,wp_a,enj,0,10,False,0.391682,0.416079,0.319972,400
gemma2_9b,wp_a,enj,0,100,False,0.37281,0.397669,0.304056,400
gemma2_9b,wp_a,gra,0,1,False,0.34411,0.376101,0.286617,400
gemma2_9b,wp_a,gra,1,3,False,0.366511,0.421762,0.33514,399
gemma2_9b,wp_a,gra,1,5,True,0.362949,0.389558,0.3076,399
gemma2_9b,wp_a,gra,0,10,False,0.383725,0.415386,0.314151,400
gemma2_9b,wp_a,gra,0,100,False,0.334296,0.383589,0.287425,400
gemma2_9b,wp_a,rel,0,1,False,0.55936,0.602342,0.480772,400
gemma2_9b,wp_a,rel,1,3,False,0.481702,0.487953,0.400014,400
gemma2_9b,wp_a,rel,1,5,True,0.519843,0.538794,0.434443,400
gemma2_9b,wp_a,rel,0,10,False,0.562828,0.594924,0.470331,400
gemma2_9b,wp_a,rel,0,100,False,0.568162,0.601458,0.473942,400
gemma3_27b,summeval,coh,0,1,False,0.560604,0.556012,0.473768,100
gemma3_27b,summeval,coh,1,3,False,0.484705,0.476277,0.412994,100
gemma3_27b,summeval,coh,1,5,True,0.57328,0.559457,0.486275,99
gemma3_27b,summeval,coh,0,10,False,0.582894,0.590946,0.507565,100
gemma3_27b,summeval,coh,0,100,False,0.590042,0.591274,0.501634,100
gemma3_27b,summeval,con,0,1,False,0.710505,0.64385,0.618281,94
gemma3_27b,summeval,con,1,3,False,0.697591,0.646233,0.62629,92
gemma3_27b,summeval,con,1,5,True,0.71338,0.630498,0.607741,95
gemma3_27b,summeval,con,0,10,False,0.694895,0.589273,0.556729,95
gemma3_27b,summeval,con,0,100,False,0.711681,0.581892,0.545018,95
gemma3_27b,summeval,flu,0,1,False,0.496944,0.400882,0.363242,98
gemma3_27b,summeval,flu,1,3,False,0.33035,0.331787,0.316227,84
gemma3_27b,summeval,flu,1,5,True,0.395278,0.367272,0.336196,98
gemma3_27b,summeval,flu,0,10,False,0.432362,0.368874,0.341582,98
gemma3_27b,summeval,flu,0,100,False,0.427044,0.374737,0.347999,97
gemma3_27b,summeval,rel,0,1,False,0.541939,0.520037,0.443605,100
gemma3_27b,summeval,rel,1,3,False,0.518603,0.507271,0.443748,100
gemma3_27b,summeval,rel,1,5,True,0.514102,0.479432,0.418842,99
gemma3_27b,summeval,rel,0,10,False,0.544452,0.511119,0.442674,100
gemma3_27b,summeval,rel,0,100,False,0.550919,0.523358,0.444262,100
gemma3_27b,newsroom,coh,0,1,False,0.585796,0.597849,0.531862,60
gemma3_27b,newsroom,coh,1,3,False,0.510514,0.537764,0.481666,53
gemma3_27b,newsroom,coh,1,5,True,0.498592,0.514202,0.459291,60
gemma3_27b,newsroom,coh,0,10,False,0.54758,0.569449,0.505236,60
gemma3_27b,newsroom,coh,0,100,False,0.546478,0.552305,0.487434,60
gemma3_27b,newsroom,flu,0,1,False,0.572855,0.580545,0.501188,60
gemma3_27b,newsroom,flu,1,3,False,0.648909,0.63538,0.559462,60
gemma3_27b,newsroom,flu,1,5,True,0.526309,0.552063,0.488861,60
gemma3_27b,newsroom,flu,0,10,False,0.498898,0.508064,0.437907,60
gemma3_27b,newsroom,flu,0,100,False,0.525386,0.534387,0.457923,60
gemma3_27b,newsroom,inf,0,1,False,0.622309,0.575738,0.496033,60
gemma3_27b,newsroom,inf,1,3,False,0.522168,0.481811,0.427583,59
gemma3_27b,newsroom,inf,1,5,True,0.514396,0.496926,0.434567,60
gemma3_27b,newsroom,inf,0,10,False,0.573088,0.560545,0.480113,60
gemma3_27b,newsroom,inf,0,100,False,0.573366,0.542351,0.463287,60
gemma3_27b,newsroom,rel,0,1,False,0.600484,0.535534,0.458121,60
gemma3_27b,newsroom,rel,1,3,False,0.457242,0.455036,0.405118,57
gemma3_27b,newsroom,rel,1,5,True,0.548062,0.525303,0.468454,59
gemma3_27b,newsroom,rel,0,10,False,0.589538,0.563243,0.490223,60
gemma3_27b,newsroom,rel,0,100,False,0.593105,0.534612,0.461541,60
gemma3_27b,tc,coh,0,1,True,0.555311,0.551484,0.485009,50
gemma3_27b,tc,coh,1,3,False,0.524265,0.525456,0.488044,46
gemma3_27b,tc,coh,1,5,False,0.518201,0.527612,0.482483,50
gemma3_27b,tc,coh,0,10,False,0.529024,0.52543,0.465098,50
gemma3_27b,tc,coh,0,100,False,0.554948,0.537253,0.471237,50
gemma3_27b,tc,eng,0,1,False,0.695576,0.724564,0.659863,50
gemma3_27b,tc,eng,1,3,True,0.591818,0.606767,0.556886,45
gemma3_27b,tc,eng,1,5,False,0.668001,0.669142,0.61025,49
gemma3_27b,tc,eng,0,10,False,0.689232,0.696577,0.622519,50
gemma3_27b,tc,eng,0,100,False,0.690049,0.701831,0.620256,50
gemma3_27b,tc,gro,0,1,True,0.695489,0.682226,0.629156,50
gemma3_27b,tc,gro,1,3,False,0.691067,0.688716,0.657999,49
gemma3_27b,tc,gro,1,5,False,0.694532,0.660184,0.611801,49
gemma3_27b,tc,gro,0,10,False,0.664726,0.646589,0.594185,50
gemma3_27b,tc,gro,0,100,False,0.670496,0.659613,0.601729,50
gemma3_27b,tc,nat,0,1,False,0.632003,0.641749,0.561315,48
gemma3_27b,tc,nat,1,3,True,0.581092,0.592675,0.536198,46
gemma3_27b,tc,nat,1,5,False,0.616943,0.614054,0.549167,49
gemma3_27b,tc,nat,0,10,False,0.604123,0.61137,0.54181,50
gemma3_27b,tc,nat,0,100,False,0.616555,0.612815,0.544209,49
gemma3_27b,wp_a,coh,0,1,False,0.5302,0.53692,0.415293,400
gemma3_27b,wp_a,coh,1,3,False,0.378399,0.401713,0.328299,400
gemma3_27b,wp_a,coh,1,5,True,0.48223,0.489038,0.396606,400
gemma3_27b,wp_a,coh,0,10,False,0.487432,0.51542,0.399275,400
gemma3_27b,wp_a,coh,0,100,False,0.477255,0.524562,0.41043,400
gemma3_27b,wp_a,enj,0,1,False,0.432979,0.430082,0.3339,400
gemma3_27b,wp_a,enj,1,3,False,0.329801,0.349806,0.289654,400
gemma3_27b,wp_a,enj,1,5,True,0.407116,0.432588,0.347659,400
gemma3_27b,wp_a,enj,0,10,False,0.395208,0.407024,0.318466,400
gemma3_27b,wp_a,enj,0,100,False,0.381123,0.398537,0.312731,400
gemma3_27b,wp_a,gra,0,1,False,0.339269,0.341172,0.268306,400
gemma3_27b,wp_a,gra,1,3,False,0.317284,0.342478,0.284288,400
gemma3_27b,wp_a,gra,1,5,True,0.335071,0.342982,0.271525,400
gemma3_27b,wp_a,gra,0,10,False,0.342398,0.367703,0.28889,400
gemma3_27b,wp_a,gra,0,100,False,0.315092,0.355019,0.281127,400
gemma3_27b,wp_a,rel,0,1,False,0.674394,0.690211,0.545983,400
gemma3_27b,wp_a,rel,1,3,False,0.563817,0.564294,0.467068,400
gemma3_27b,wp_a,rel,1,5,True,0.608302,0.614031,0.49759,400
gemma3_27b,wp_a,rel,0,10,False,0.61151,0.618279,0.48686,400
gemma3_27b,wp_a,rel,0,100,False,0.597099,0.623048,0.485461,400
qwen3_4b,summeval,coh,0,1,False,0.508043,0.478224,0.401248,100
qwen3_4b,summeval,coh,1,3,False,0.462751,0.439762,0.378169,98
qwen3_4b,summeval,coh,1,5,True,0.472723,0.454348,0.391913,100
qwen3_4b,summeval,coh,0,10,False,0.506574,0.473935,0.394693,99
qwen3_4b,summeval,coh,0,100,False,0.465295,0.463327,0.393109,100
qwen3_4b,summeval,con,0,1,False,0.721665,0.643335,0.623037,85
qwen3_4b,summeval,con,1,3,False,0.687691,0.60775,0.588373,82
qwen3_4b,summeval,con,1,5,True,0.688282,0.616384,0.591077,92
qwen3_4b,summeval,con,0,10,False,0.673749,0.548842,0.522659,96
qwen3_4b,summeval,con,0,100,False,0.607509,0.464103,0.43946,96
qwen3_4b,summeval,flu,0,1,False,0.447317,0.366898,0.3308,98
qwen3_4b,summeval,flu,1,3,False,0.38546,0.347762,0.331006,81
qwen3_4b,summeval,flu,1,5,True,0.243984,0.227911,0.213216,98
qwen3_4b,summeval,flu,0,10,False,0.341865,0.267881,0.248904,96
qwen3_4b,summeval,flu,0,100,False,0.405283,0.347355,0.321012,94
qwen3_4b,summeval,rel,0,1,False,0.411793,0.375228,0.326064,98
qwen3_4b,summeval,rel,1,3,False,0.385764,0.353497,0.311295,81
qwen3_4b,summeval,rel,1,5,True,0.368536,0.340575,0.298351,100
qwen3_4b,summeval,rel,0,10,False,0.433809,0.396126,0.34175,99
qwen3_4b,summeval,rel,0,100,False,0.386429,0.365053,0.315735,98
qwen3_4b,newsroom,coh,0,1,False,0.481777,0.491719,0.431721,60
qwen3_4b,newsroom,coh,1,3,False,0.507003,0.501377,0.441318,60
qwen3_4b,newsroom,coh,1,5,True,0.520943,0.51375,0.453226,57
qwen3_4b,newsroom,coh,0,10,False,0.490716,0.495024,0.426829,60
qwen3_4b,newsroom,coh,0,100,False,0.498042,0.503131,0.436412,60
qwen3_4b,newsroom,flu,0,1,False,0.196778,0.251926,0.214369,60
qwen3_4b,newsroom,flu,1,3,False,0.113007,0.110455,0.098986,59
qwen3_4b,newsroom,flu,1,5,True,0.042907,0.062002,0.055548,60
qwen3_4b,newsroom,flu,0,10,False,-0.088773,-0.118024,-0.097129,58
qwen3_4b,newsroom,flu,0,100,False,0.067187,0.093994,0.084063,60
qwen3_4b,newsroom,inf,0,1,False,0.61771,0.551644,0.489303,60
qwen3_4b,newsroom,inf,1,3,False,0.60596,0.52274,0.46097,60
qwen3_4b,newsroom,inf,1,5,True,0.646996,0.573604,0.509059,60
qwen3_4b,newsroom,inf,0,10,False,0.669145,0.580041,0.50402,60
qwen3_4b,newsroom,inf,0,100,False,0.647598,0.594938,0.519864,60
qwen3_4b,newsroom,rel,0,1,False,0.613643,0.504749,0.435895,60
qwen3_4b,newsroom,rel,1,3,False,0.624554,0.501029,0.438874,60
qwen3_4b,newsroom,rel,1,5,True,0.637717,0.502818,0.445302,60
qwen3_4b,newsroom,rel,0,10,False,0.656592,0.531601,0.448391,60
qwen3_4b,newsroom,rel,0,100,False,0.623518,0.495604,0.43365,60
qwen3_4b,tc,coh,0,1,True,0.402165,0.417855,0.372779,49
qwen3_4b,tc,coh,1,3,False,0.377143,0.396405,0.364355,46
qwen3_4b,tc,coh,1,5,False,0.422948,0.43668,0.402501,48
qwen3_4b,tc,coh,0,10,False,0.381401,0.402195,0.360534,48
qwen3_4b,tc,coh,0,100,False,0.368295,0.402056,0.360388,49
qwen3_4b,tc,eng,0,1,False,0.538332,0.575652,0.50965,50
qwen3_4b,tc,eng,1,3,True,0.510448,0.52595,0.475888,43
qwen3_4b,tc,eng,1,5,False,0.545296,0.560419,0.507628,49
qwen3_4b,tc,eng,0,10,False,0.533291,0.588049,0.527204,49
qwen3_4b,tc,eng,0,100,False,0.554361,0.603958,0.531622,49
qwen3_4b,tc,gro,0,1,True,0.660045,0.66105,0.625553,42
qwen3_4b,tc,gro,1,3,False,0.554269,0.548681,0.518041,43
qwen3_4b,tc,gro,1,5,False,0.607305,0.599144,0.563125,46
qwen3_4b,tc,gro,0,10,False,0.567783,0.567024,0.522657,49
qwen3_4b,tc,gro,0,100,False,0.576404,0.582098,0.536811,49
qwen3_4b,tc,nat,0,1,False,0.416478,0.421694,0.389606,43
qwen3_4b,tc,nat,1,3,True,0.532893,0.524423,0.477677,39
qwen3_4b,tc,nat,1,5,False,0.423104,0.41875,0.386528,39
qwen3_4b,tc,nat,0,10,False,0.485921,0.498207,0.449821,49
qwen3_4b,tc,nat,0,100,False,0.489114,0.526135,0.475188,50
qwen3_4b,wp_a,coh,0,1,False,0.341406,0.355486,0.274667,400
qwen3_4b,wp_a,coh,1,3,False,0.381626,0.401477,0.32446,400
qwen3_4b,wp_a,coh,1,5,True,0.343072,0.381909,0.305969,400
qwen3_4b,wp_a,coh,0,10,False,0.366543,0.389172,0.294991,400
qwen3_4b,wp_a,coh,0,100,False,0.40875,0.427883,0.328186,400
qwen3_4b,wp_a,enj,0,1,False,0.204323,0.229977,0.170941,400
qwen3_4b,wp_a,enj,1,3,False,0.180028,0.214459,0.180121,400
qwen3_4b,wp_a,enj,1,5,True,0.224344,0.218922,0.169844,400
qwen3_4b,wp_a,enj,0,10,False,0.18378,0.183487,0.142981,400
qwen3_4b,wp_a,enj,0,100,False,0.178937,0.193059,0.146417,400
qwen3_4b,wp_a,gra,0,1,False,0.338309,0.334544,0.261478,400
qwen3_4b,wp_a,gra,1,3,False,0.262066,0.258815,0.224118,400
qwen3_4b,wp_a,gra,1,5,True,0.242589,0.219502,0.179104,400
qwen3_4b,wp_a,gra,0,10,False,0.232267,0.250893,0.206529,400
qwen3_4b,wp_a,gra,0,100,False,0.310858,0.328907,0.265933,400
qwen3_4b,wp_a,rel,0,1,False,0.536828,0.536695,0.417525,400
qwen3_4b,wp_a,rel,1,3,False,0.466224,0.466523,0.378027,400
qwen3_4b,wp_a,rel,1,5,True,0.51604,0.51533,0.412269,400
qwen3_4b,wp_a,rel,0,10,False,0.536669,0.530304,0.406148,400
qwen3_4b,wp_a,rel,0,100,False,0.521928,0.521287,0.399133,400
mistral_7b,summeval,coh,0,1,False,0.392101,0.37576,0.310221,99
mistral_7b,summeval,coh,1,3,False,0.411639,0.402421,0.339335,100
mistral_7b,summeval,coh,1,5,True,0.437788,0.42467,0.35611,100
mistral_7b,summeval,coh,0,10,False,0.443403,0.427931,0.351924,100
mistral_7b,summeval,coh,0,100,False,0.432859,0.424349,0.352846,100
mistral_7b,summeval,con,0,1,False,0.553187,0.451595,0.422132,94
mistral_7b,summeval,con,1,3,False,0.519399,0.4541,0.427801,94
mistral_7b,summeval,con,1,5,True,0.578986,0.474554,0.444191,94
mistral_7b,summeval,con,0,10,False,0.573851,0.450285,0.41354,95
mistral_7b,summeval,con,0,100,False,0.5771,0.452166,0.418552,95
mistral_7b,summeval,flu,0,1,False,0.45771,0.399419,0.371965,93
mistral_7b,summeval,flu,1,3,False,0.425206,0.3835,0.353029,98
mistral_7b,summeval,flu,1,5,True,0.429225,0.362387,0.333123,98
mistral_7b,summeval,flu,0,10,False,0.439581,0.378339,0.337606,98
mistral_7b,summeval,flu,0,100,False,0.452362,0.388116,0.35211,96
mistral_7b,summeval,rel,0,1,False,0.424291,0.386493,0.326566,99
mistral_7b,summeval,rel,1,3,False,0.445424,0.423479,0.365472,99
mistral_7b,summeval,rel,1,5,True,0.449016,0.406446,0.342703,99
mistral_7b,summeval,rel,0,10,False,0.456782,0.424531,0.354231,100
mistral_7b,summeval,rel,0,100,False,0.443001,0.406156,0.340543,100
mistral_7b,newsroom,coh,0,1,False,0.565611,0.544202,0.479669,60
mistral_7b,newsroom,coh,1,3,False,0.535139,0.518173,0.457071,60
mistral_7b,newsroom,coh,1,5,True,0.551808,0.538728,0.468772,60
mistral_7b,newsroom,coh,0,10,False,0.598501,0.571583,0.496959,60
mistral_7b,newsroom,coh,0,100,False,0.573656,0.550652,0.480992,60
mistral_7b,newsroom,flu,0,1,False,0.53532,0.530827,0.458724,60
mistral_7b,newsroom,flu,1,3,False,0.535433,0.551963,0.480217,60
mistral_7b,newsroom,flu,1,5,True,0.551252,0.55086,0.477289,60
mistral_7b,newsroom,flu,0,10,False,0.56793,0.5562,0.477739,60
mistral_7b,newsroom,flu,0,100,False,0.55244,0.537551,0.465616,60
mistral_7b,newsroom,inf,0,1,False,0.696594,0.629332,0.550535,60
mistral_7b,newsroom,inf,1,3,False,0.651197,0.612434,0.530359,60
mistral_7b,newsroom,inf,1,5,True,0.66487,0.607988,0.524409,60
mistral_7b,newsroom,inf,0,10,False,0.702287,0.609221,0.52294,60
mistral_7b,newsroom,inf,0,100,False,0.696169,0.610816,0.523618,60
mistral_7b,newsroom,rel,0,1,False,0.66643,0.550609,0.476176,60
mistral_7b,newsroom,rel,1,3,False,0.608668,0.54221,0.480797,60
mistral_7b,newsroom,rel,1,5,True,0.623803,0.544116,0.474811,60
mistral_7b,newsroom,rel,0,10,False,0.684604,0.582009,0.501752,60
mistral_7b,newsroom,rel,0,100,False,0.682886,0.601066,0.518811,60
mistral_7b,tc,coh,0,1,True,0.444347,0.479499,0.41823,49
mistral_7b,tc,coh,1,3,False,0.478364,0.498926,0.446275,50
mistral_7b,tc,coh,1,5,False,0.477913,0.511402,0.450155,50
mistral_7b,tc,coh,0,10,False,0.461004,0.51012,0.445098,50
mistral_7b,tc,coh,0,100,False,0.434093,0.486429,0.421306,50
mistral_7b,tc,eng,0,1,False,0.616714,0.643871,0.55563,50
mistral_7b,tc,eng,1,3,True,0.622585,0.639678,0.565385,50
mistral_7b,tc,eng,1,5,False,0.626752,0.661021,0.581898,50
mistral_7b,tc,eng,0,10,False,0.623548,0.685842,0.601572,50
mistral_7b,tc,eng,0,100,False,0.599198,0.655627,0.569142,50
mistral_7b,tc,gro,0,1,True,0.622513,0.620546,0.586278,48
mistral_7b,tc,gro,1,3,False,0.628456,0.630469,0.600464,47
mistral_7b,tc,gro,1,5,False,0.59352,0.575787,0.538595,48
mistral_7b,tc,gro,0,10,False,0.615233,0.599205,0.544477,49
mistral_7b,tc,gro,0,100,False,0.613374,0.594906,0.54983,49
mistral_7b,tc,nat,0,1,False,0.192174,0.186805,0.173577,42
mistral_7b,tc,nat,1,3,True,0.451739,0.456917,0.402484,50
mistral_7b,tc,nat,1,5,False,0.481664,0.477642,0.415384,50
mistral_7b,tc,nat,0,10,False,0.457037,0.489047,0.41524,50
mistral_7b,tc,nat,0,100,False,0.430049,0.49577,0.431717,50
mistral_7b,wp_a,coh,0,1,False,0.349049,0.375715,0.288809,400
mistral_7b,wp_a,coh,1,3,False,0.357035,0.366201,0.290586,400
mistral_7b,wp_a,coh,1,5,True,0.355733,0.36832,0.287623,400
mistral_7b,wp_a,coh,0,10,False,0.356341,0.376501,0.285899,400
mistral_7b,wp_a,coh,0,100,False,0.34973,0.369862,0.279687,400
mistral_7b,wp_a,enj,0,1,False,0.092162,0.328089,0.246395,400
mistral_7b,wp_a,enj,1,3,False,0.253672,0.278248,0.217703,400
mistral_7b,wp_a,enj,1,5,True,0.272151,0.314916,0.243726,400
mistral_7b,wp_a,enj,0,10,False,0.262195,0.351286,0.265345,400
mistral_7b,wp_a,enj,0,100,False,0.278702,0.350584,0.26455,400
mistral_7b,wp_a,gra,0,1,False,0.150418,0.288954,0.239364,400
mistral_7b,wp_a,gra,1,3,False,0.236487,0.274149,0.216145,400
mistral_7b,wp_a,gra,1,5,True,0.225135,0.322625,0.25894,400
mistral_7b,wp_a,gra,0,10,False,0.204944,0.330174,0.258303,400
mistral_7b,wp_a,gra,0,100,False,0.170567,0.322078,0.254928,400
mistral_7b,wp_a,rel,0,1,False,0.469046,0.491181,0.390021,400
mistral_7b,wp_a,rel,1,3,False,0.421747,0.440104,0.358691,400
mistral_7b,wp_a,rel,1,5,True,0.448461,0.457292,0.368949,400
mistral_7b,wp_a,rel,0,10,False,0.480431,0.507951,0.398073,400
mistral_7b,wp_a,rel,0,100,False,0.465301,0.505269,0.396653,400
llama31_8b,summeval,coh,0,1,False,0.449428,0.429238,0.371186,98
llama31_8b,summeval,coh,1,3,False,0.389958,0.367741,0.322505,78
llama31_8b,summeval,coh,1,5,True,0.339694,0.329612,0.286192,57
llama31_8b,summeval,coh,0,10,False,0.442926,0.41794,0.356687,98
llama31_8b,summeval,coh,0,100,False,0.439919,0.400717,0.333393,98
llama31_8b,summeval,con,0,1,False,0.537219,0.44469,0.420324,96
llama31_8b,summeval,con,1,3,False,0.497596,0.447202,0.428633,86
llama31_8b,summeval,con,1,5,True,0.514609,0.407415,0.390511,73
llama31_8b,summeval,con,0,10,False,0.568437,0.483384,0.450633,94
llama31_8b,summeval,con,0,100,False,0.53326,0.45478,0.420201,96
llama31_8b,summeval,flu,0,1,False,0.280796,0.244308,0.218011,98
llama31_8b,summeval,flu,1,3,False,0.159311,0.151418,0.137819,97
llama31_8b,summeval,flu,1,5,True,0.207586,0.201231,0.179909,96
llama31_8b,summeval,flu,0,10,False,0.240619,0.219981,0.195543,96
llama31_8b,summeval,flu,0,100,False,0.311258,0.266004,0.238267,96
llama31_8b,summeval,rel,0,1,False,0.412104,0.39567,0.344057,100
llama31_8b,summeval,rel,1,3,False,0.342562,0.307162,0.271529,90
llama31_8b,summeval,rel,1,5,True,0.367226,0.32482,0.2872,38
llama31_8b,summeval,rel,0,10,False,0.365259,0.341066,0.29591,91
llama31_8b,summeval,rel,0,100,False,0.382446,0.340567,0.292732,100
llama31_8b,newsroom,coh,0,1,False,0.422447,0.414887,0.366743,58
llama31_8b,newsroom,coh,1,3,False,0.387991,0.391787,0.350003,55
llama31_8b,newsroom,coh,1,5,True,0.389808,0.399309,0.362047,58
llama31_8b,newsroom,coh,0,10,False,0.425273,0.399081,0.354361,57
llama31_8b,newsroom,coh,0,100,False,0.435892,0.434806,0.386465,59
llama31_8b,newsroom,flu,0,1,False,0.453219,0.433119,0.37477,60
llama31_8b,newsroom,flu,1,3,False,0.384052,0.360604,0.326804,60
llama31_8b,newsroom,flu,1,5,True,0.390442,0.386086,0.351893,58
llama31_8b,newsroom,flu,0,10,False,0.393916,0.384667,0.347352,58
llama31_8b,newsroom,flu,0,100,False,0.373969,0.371921,0.336692,59
llama31_8b,newsroom,inf,0,1,False,0.418502,0.386978,0.335307,59
llama31_8b,newsroom,inf,1,3,False,0.440702,0.413541,0.368868,55
llama31_8b,newsroom,inf,1,5,True,0.27447,0.274959,0.240822,51
llama31_8b,newsroom,inf,0,10,False,0.381844,0.323054,0.274678,56
llama31_8b,newsroom,inf,0,100,False,0.375525,0.358307,0.31072,56
llama31_8b,newsroom,rel,0,1,False,0.363933,0.304727,0.258589,60
llama31_8b,newsroom,rel,1,3,False,0.466578,0.406956,0.369521,57
llama31_8b,newsroom,rel,1,5,True,0.364793,0.332916,0.301834,47
llama31_8b,newsroom,rel,0,10,False,0.392482,0.287537,0.245121,57
llama31_8b,newsroom,rel,0,100,False,0.388487,0.376089,0.32679,59
llama31_8b,tc,coh,0,1,True,0.391163,0.454416,0.401791,23
llama31_8b,tc,coh,1,3,False,0.315062,0.336354,0.31615,20
llama31_8b,tc,coh,1,5,False,0.341555,0.372148,0.33979,21
llama31_8b,tc,coh,0,10,False,0.332627,0.34868,0.311442,21
llama31_8b,tc,coh,0,100,False,0.470334,0.424836,0.413899,7
llama31_8b,tc,eng,0,1,False,0.48235,0.497024,0.442826,28
llama31_8b,tc,eng,1,3,True,0.496641,0.50009,0.456169,27
llama31_8b,tc,eng,1,5,False,0.567424,0.561413,0.503719,23
llama31_8b,tc,eng,0,10,False,0.533916,0.574146,0.504208,23
llama31_8b,tc,eng,0,100,False,0.515771,0.507416,0.47102,18
llama31_8b,tc,gro,0,1,True,0.477914,0.514638,0.481115,32
llama31_8b,tc,gro,1,3,False,0.474478,0.476283,0.459896,25
llama31_8b,tc,gro,1,5,False,0.430307,0.429789,0.4058,25
llama31_8b,tc,gro,0,10,False,0.499657,0.513896,0.485017,28
llama31_8b,tc,gro,0,100,False,0.640231,0.610468,0.587041,23
llama31_8b,tc,nat,0,1,False,0.559868,0.603012,0.558599,26
llama31_8b,tc,nat,1,3,True,0.292515,0.310664,0.281539,19
llama31_8b,tc,nat,1,5,False,0.38923,0.455005,0.407202,18
llama31_8b,tc,nat,0,10,False,0.422332,0.48083,0.414431,24
llama31_8b,tc,nat,0,100,False,0.73034,0.815828,0.744268,9
llama31_8b,wp_a,coh,0,1,False,0.339425,0.361348,0.28705,396
llama31_8b,wp_a,coh,1,3,False,0.324278,0.322982,0.270568,397
llama31_8b,wp_a,coh,1,5,True,0.321771,0.321719,0.268362,395
llama31_8b,wp_a,coh,0,10,False,0.332515,0.337532,0.264177,392
llama31_8b,wp_a,coh,0,100,False,0.347921,0.346354,0.267655,394
llama31_8b,wp_a,enj,0,1,False,0.120075,0.12264,0.099126,375
llama31_8b,wp_a,enj,1,3,False,0.150535,0.134911,0.111663,379
llama31_8b,wp_a,enj,1,5,True,0.164977,0.169615,0.139158,359
llama31_8b,wp_a,enj,0,10,False,0.145954,0.176566,0.134299,340
llama31_8b,wp_a,enj,0,100,False,0.179469,0.178649,0.134181,342
llama31_8b,wp_a,gra,0,1,False,0.295182,0.381256,0.304544,390
llama31_8b,wp_a,gra,1,3,False,0.167672,0.199963,0.166186,393
llama31_8b,wp_a,gra,1,5,True,0.308225,0.347457,0.285078,381
llama31_8b,wp_a,gra,0,10,False,0.19403,0.314326,0.242149,351
llama31_8b,wp_a,gra,0,100,False,0.249749,0.355892,0.269732,338
llama31_8b,wp_a,rel,0,1,False,0.396998,0.422431,0.33887,396
llama31_8b,wp_a,rel,1,3,False,0.425446,0.434227,0.355747,397
llama31_8b,wp_a,rel,1,5,True,0.392984,0.389365,0.317504,395
llama31_8b,wp_a,rel,0,10,False,0.433564,0.445079,0.345751,394
llama31_8b,wp_a,rel,0,100,False,0.479254,0.489152,0.372788,394
llama31_70b,summeval,coh,0,1,False,0.590617,0.57719,0.490612,100
llama31_70b,summeval,coh,1,3,False,0.446401,0.444864,0.391091,99
llama31_70b,summeval,coh,1,5,True,0.576211,0.559426,0.481297,100
llama31_70b,summeval,coh,0,10,False,0.592276,0.577008,0.493744,100
llama31_70b,summeval,coh,0,100,False,0.599136,0.588678,0.500917,100
llama31_70b,summeval,con,0,1,False,0.636047,0.526829,0.481023,96
llama31_70b,summeval,con,1,3,False,0.613519,0.564274,0.536722,96
llama31_70b,summeval,con,1,5,True,0.672534,0.593495,0.565461,96
llama31_70b,summeval,con,0,10,False,0.651422,0.537981,0.50784,95
llama31_70b,summeval,con,0,100,False,0.692076,0.571953,0.52795,96
llama31_70b,summeval,flu,0,1,False,0.209694,0.234527,0.214009,98
llama31_70b,summeval,flu,1,3,False,0.252914,0.22742,0.208424,98
llama31_70b,summeval,flu,1,5,True,0.184637,0.212621,0.194325,96
llama31_70b,summeval,flu,0,10,False,0.24747,0.24574,0.217325,98
llama31_70b,summeval,flu,0,100,False,0.342276,0.323649,0.292698,98
llama31_70b,summeval,rel,0,1,False,0.566189,0.541507,0.466024,100
llama31_70b,summeval,rel,1,3,False,0.509679,0.493897,0.437964,100
llama31_70b,summeval,rel,1,5,True,0.518242,0.500661,0.436351,100
llama31_70b,summeval,rel,0,10,False,0.533834,0.524629,0.455121,100
llama31_70b,summeval,rel,0,100,False,0.527809,0.511467,0.438854,100
llama31_70b,newsroom,coh,0,1,False,0.575055,0.595848,0.531587,60
llama31_70b,newsroom,coh,1,3,False,0.425544,0.454234,0.411184,59
llama31_70b,newsroom,coh,1,5,True,0.495583,0.519477,0.467179,60
llama31_70b,newsroom,coh,0,10,False,0.593958,0.620704,0.55874,60
llama31_70b,newsroom,coh,0,100,False,0.518394,0.540302,0.476632,58
llama31_70b,newsroom,flu,0,1,False,0.612354,0.622591,0.548024,60
llama31_70b,newsroom,flu,1,3,False,0.5409,0.546005,0.481791,60
llama31_70b,newsroom,flu,1,5,True,0.576738,0.580142,0.507619,60
llama31_70b,newsroom,flu,0,10,False,0.601751,0.62647,0.56,60
llama31_70b,newsroom,flu,0,100,False,0.612257,0.616479,0.533931,60
llama31_70b,newsroom,inf,0,1,False,0.585176,0.539364,0.46944,60
llama31_70b,newsroom,inf,1,3,False,0.555592,0.49159,0.43224,60
llama31_70b,newsroom,inf,1,5,True,0.591424,0.570174,0.496687,60
llama31_70b,newsroom,inf,0,10,False,0.591515,0.536435,0.462155,60
llama31_70b,newsroom,inf,0,100,False,0.566893,0.503944,0.4299,60
llama31_70b,newsroom,rel,0,1,False,0.53973,0.520904,0.458449,60
llama31_70b,newsroom,rel,1,3,False,0.455677,0.419458,0.37599,60
llama31_70b,newsroom,rel,1,5,True,0.485942,0.498507,0.43942,60
llama31_70b,newsroom,rel,0,10,False,0.547174,0.528679,0.46477,60
llama31_70b,newsroom,rel,0,100,False,0.51716,0.498813,0.43652,59
llama31_70b,tc,coh,0,1,True,0.531346,0.509627,0.45861,47
llama31_70b,tc,coh,1,3,False,0.492267,0.504819,0.466549,48
llama31_70b,tc,coh,1,5,False,0.559361,0.543792,0.494276,49
llama31_70b,tc,coh,0,10,False,0.531778,0.522309,0.479538,48
llama31_70b,tc,coh,0,100,False,0.517732,0.48985,0.44361,47
llama31_70b,tc,eng,0,1,False,0.7155,0.706891,0.64118,49
llama31_70b,tc,eng,1,3,True,0.658995,0.695249,0.635224,48
llama31_70b,tc,eng,1,5,False,0.696293,0.68,0.616022,49
llama31_70b,tc,eng,0,10,False,0.67883,0.675175,0.615825,48
llama31_70b,tc,eng,0,100,False,0.709707,0.725146,0.661001,49
llama31_70b,tc,gro,0,1,True,0.574904,0.568372,0.546451,35
llama31_70b,tc,gro,1,3,False,0.586647,0.569319,0.549834,38
llama31_70b,tc,gro,1,5,False,0.607261,0.600395,0.566717,44
llama31_70b,tc,gro,0,10,False,0.59371,0.601874,0.568039,44
llama31_70b,tc,gro,0,100,False,0.612766,0.60016,0.576737,41
llama31_70b,tc,nat,0,1,False,0.567517,0.555427,0.482726,48
llama31_70b,tc,nat,1,3,True,0.600495,0.614762,0.544639,46
llama31_70b,tc,nat,1,5,False,0.606542,0.601163,0.526721,47
llama31_70b,tc,nat,0,10,False,0.587144,0.577748,0.509568,48
llama31_70b,tc,nat,0,100,False,0.607264,0.575429,0.490565,48
llama31_70b,wp_a,coh,0,1,False,0.527955,0.523625,0.411282,396
llama31_70b,wp_a,coh,1,3,False,0.485871,0.522253,0.429342,395
llama31_70b,wp_a,coh,1,5,True,0.566379,0.57056,0.45061,393
llama31_70b,wp_a,coh,0,10,False,0.543939,0.550003,0.440238,393
llama31_70b,wp_a,coh,0,100,False,0.501876,0.492938,0.375796,386
llama31_70b,wp_a,enj,0,1,False,0.410181,0.431701,0.334103,389
llama31_70b,wp_a,enj,1,3,False,0.290148,0.378445,0.314373,391
llama31_70b,wp_a,enj,1,5,True,0.362066,0.387303,0.309001,392
llama31_70b,wp_a,enj,0,10,False,0.342094,0.395979,0.311947,381
llama31_70b,wp_a,enj,0,100,False,0.402044,0.428103,0.321188,377
llama31_70b,wp_a,gra,0,1,False,0.433525,0.447679,0.346172,399
llama31_70b,wp_a,gra,1,3,False,0.406516,0.430095,0.361895,399
llama31_70b,wp_a,gra,1,5,True,0.443719,0.452223,0.359139,399
llama31_70b,wp_a,gra,0,10,False,0.406588,0.437236,0.34271,399
llama31_70b,wp_a,gra,0,100,False,0.433902,0.461941,0.352569,399
llama31_70b,wp_a,rel,0,1,False,0.576392,0.606761,0.485681,396
llama31_70b,wp_a,rel,1,3,False,0.547841,0.562601,0.46213,389
llama31_70b,wp_a,rel,1,5,True,0.527559,0.549659,0.437311,394
llama31_70b,wp_a,rel,0,10,False,0.505479,0.513457,0.406931,393
llama31_70b,wp_a,rel,0,100,False,0.581042,0.596392,0.473681,383
gemini2_flash,summeval,coh,0,1,False,0.427048,0.458547,0.39096,99
gemini2_flash,summeval,coh,1,3,False,0.44115,0.496423,0.421711,99
gemini2_flash,summeval,coh,1,5,True,0.478509,0.492764,0.417769,99
gemini2_flash,summeval,coh,0,10,False,0.511701,0.503727,0.4139,99
gemini2_flash,summeval,coh,0,100,False,0.503391,0.496963,0.408719,99
gemini2_flash,summeval,con,0,1,False,0.631649,0.601448,0.575168,93
gemini2_flash,summeval,con,1,3,False,0.621473,0.616704,0.594728,90
gemini2_flash,summeval,con,1,5,True,0.682385,0.617959,0.594823,86
gemini2_flash,summeval,con,0,10,False,0.587046,0.568417,0.541367,90
gemini2_flash,summeval,con,0,100,False,0.663995,0.62142,0.59257,94
gemini2_flash,summeval,flu,0,1,False,0.434859,0.391242,0.361119,98
gemini2_flash,summeval,flu,1,3,False,0.255591,0.246809,0.227769,98
gemini2_flash,summeval,flu,1,5,True,0.352554,0.328611,0.300538,98
gemini2_flash,summeval,flu,0,10,False,0.277088,0.329496,0.293891,97
gemini2_flash,summeval,flu,0,100,False,0.398856,0.313436,0.2922,98
gemini2_flash,summeval,rel,0,1,False,0.481454,0.436665,0.375053,99
gemini2_flash,summeval,rel,1,3,False,0.456915,0.43146,0.373389,99
gemini2_flash,summeval,rel,1,5,True,0.428677,0.415773,0.357123,99
gemini2_flash,summeval,rel,0,10,False,0.459252,0.418871,0.352016,99
gemini2_flash,summeval,rel,0,100,False,0.448364,0.429532,0.363363,99
gemini2_flash,newsroom,coh,0,1,False,0.580961,0.593807,0.520655,60
gemini2_flash,newsroom,coh,1,3,False,0.375201,0.370779,0.320015,60
gemini2_flash,newsroom,coh,1,5,True,0.406178,0.404091,0.348388,60
gemini2_flash,newsroom,coh,0,10,False,0.510519,0.504082,0.428556,60
gemini2_flash,newsroom,coh,0,100,False,0.547205,0.545711,0.460439,60
gemini2_flash,newsroom,flu,0,1,False,0.265541,0.360821,0.318215,60
gemini2_flash,newsroom,flu,1,3,False,0.472302,0.489217,0.426756,60
gemini2_flash,newsroom,flu,1,5,True,0.491558,0.481393,0.413397,60
gemini2_flash,newsroom,flu,0,10,False,0.407201,0.411402,0.354514,60
gemini2_flash,newsroom,flu,0,100,False,0.399017,0.409292,0.352141,60
gemini2_flash,newsroom,inf,0,1,False,0.64507,0.501387,0.427788,60
gemini2_flash,newsroom,inf,1,3,False,0.565567,0.479755,0.412269,60
gemini2_flash,newsroom,inf,1,5,True,0.494921,0.421161,0.365431,59
gemini2_flash,newsroom,inf,0,10,False,0.602198,0.479367,0.404046,60
gemini2_flash,newsroom,inf,0,100,False,0.603972,0.453096,0.387214,60
gemini2_flash,newsroom,rel,0,1,False,0.625828,0.552617,0.470844,60
gemini2_flash,newsroom,rel,1,3,False,0.440183,0.389352,0.338453,60
gemini2_flash,newsroom,rel,1,5,True,0.409064,0.379563,0.32219,60
gemini2_flash,newsroom,rel,0,10,False,0.514955,0.459252,0.386461,60
gemini2_flash,newsroom,rel,0,100,False,0.508014,0.424977,0.351897,60
gemini2_flash,tc,coh,0,1,True,0.414511,0.434415,0.388247,45
gemini2_flash,tc,coh,1,3,False,0.476563,0.478894,0.434549,42
gemini2_flash,tc,coh,1,5,False,0.42866,0.431876,0.390879,43
gemini2_flash,tc,coh,0,10,False,0.495829,0.485774,0.420073,44
gemini2_flash,tc,coh,0,100,False,0.468556,0.467127,0.402315,48
gemini2_flash,tc,eng,0,1,False,0.685808,0.691256,0.615083,38
gemini2_flash,tc,eng,1,3,True,0.546304,0.610422,0.543455,36
gemini2_flash,tc,eng,1,5,False,0.501674,0.534121,0.474471,36
gemini2_flash,tc,eng,0,10,False,0.555854,0.590945,0.513116,37
gemini2_flash,tc,eng,0,100,False,0.639637,0.62692,0.547916,45
gemini2_flash,tc,gro,0,1,True,0.681118,0.668536,0.626234,47
gemini2_flash,tc,gro,1,3,False,0.445796,0.435543,0.410126,46
gemini2_flash,tc,gro,1,5,False,0.543708,0.52945,0.497806,47
gemini2_flash,tc,gro,0,10,False,0.565664,0.554505,0.511117,45
gemini2_flash,tc,gro,0,100,False,0.51524,0.496778,0.465245,47
gemini2_flash,tc,nat,0,1,False,0.50996,0.499339,0.433932,33
gemini2_flash,tc,nat,1,3,True,0.425755,0.440431,0.387574,36
gemini2_flash,tc,nat,1,5,False,0.524269,0.548572,0.479501,36
gemini2_flash,tc,nat,0,10,False,0.49402,0.496811,0.422654,36
gemini2_flash,tc,nat,0,100,False,0.488806,0.499345,0.420265,36
gemini2_flash,wp_a,coh,0,1,False,0.540371,0.550307,0.426781,366
gemini2_flash,wp_a,coh,1,3,False,0.344679,0.360951,0.272798,356
gemini2_flash,wp_a,coh,1,5,True,0.299492,0.302711,0.22218,353
gemini2_flash,wp_a,coh,0,10,False,0.508171,0.550933,0.407637,344
gemini2_flash,wp_a,coh,0,100,False,0.476233,0.491138,0.362163,371
gemini2_flash,wp_a,enj,0,1,False,0.445715,0.436945,0.33164,399
gemini2_flash,wp_a,enj,1,3,False,0.388882,0.409799,0.322332,381
gemini2_flash,wp_a,enj,1,5,True,0.413407,0.426429,0.318091,395
gemini2_flash,wp_a,enj,0,10,False,0.420698,0.427684,0.315461,400
gemini2_flash,wp_a,enj,0,100,False,0.330958,0.33329,0.240865,400
gemini2_flash,wp_a,gra,0,1,False,0.230471,0.278159,0.209129,400
gemini2_flash,wp_a,gra,1,3,False,0.085857,0.117919,0.087475,400
gemini2_flash,wp_a,gra,1,5,True,0.13087,0.126211,0.093113,400
gemini2_flash,wp_a,gra,0,10,False,0.188905,0.235894,0.175679,400
gemini2_flash,wp_a,gra,0,100,False,0.260921,0.367872,0.288197,400
gemini2_flash,wp_a,rel,0,1,False,0.576623,0.575181,0.438766,400
gemini2_flash,wp_a,rel,1,3,False,0.487827,0.465081,0.34901,400
gemini2_flash,wp_a,rel,1,5,True,0.503391,0.500369,0.37656,400
gemini2_flash,wp_a,rel,0,10,False,0.510816,0.516252,0.380574,400
gemini2_flash,wp_a,rel,0,100,False,0.561482,0.549262,0.402937,400
gemini3_flash,summeval,coh,0,1,False,0.608758,0.580313,0.517587,96
gemini3_flash,summeval,coh,1,3,False,0.593493,0.570802,0.506616,96
gemini3_flash,summeval,coh,1,5,True,0.625702,0.619894,0.528124,99
gemini3_flash,summeval,coh,0,10,False,0.165008,0.243678,0.211059,99
gemini3_flash,summeval,coh,0,100,False,0.222531,0.237726,0.195552,99
gemini3_flash,summeval,con,0,1,False,0.717922,0.652883,0.636594,83
gemini3_flash,summeval,con,1,3,False,0.734535,0.679581,0.658205,90
gemini3_flash,summeval,con,1,5,True,0.704065,0.643351,0.618698,90
gemini3_flash,summeval,con,0,10,False,0.017586,0.03165,0.030683,94
gemini3_flash,summeval,con,0,100,False,0.081742,0.038191,0.034875,94
gemini3_flash,summeval,flu,0,1,False,0.403622,0.385933,0.370543,98
gemini3_flash,summeval,flu,1,3,False,0.505901,0.43905,0.420338,98
gemini3_flash,summeval,flu,1,5,True,0.537071,0.449157,0.421668,98
gemini3_flash,summeval,flu,0,10,False,0.006655,0.182082,0.163756,98
gemini3_flash,summeval,flu,0,100,False,0.04387,0.102217,0.091605,98
gemini3_flash,summeval,rel,0,1,False,0.373192,0.376402,0.335998,95
gemini3_flash,summeval,rel,1,3,False,0.512751,0.489257,0.427963,97
gemini3_flash,summeval,rel,1,5,True,0.527905,0.502445,0.428514,97
gemini3_flash,summeval,rel,0,10,False,0.185932,0.288448,0.238488,97
gemini3_flash,summeval,rel,0,100,False,0.14309,0.204505,0.165363,97
gemini3_flash,newsroom,coh,0,1,False,0.397511,0.414938,0.381415,44
gemini3_flash,newsroom,coh,1,3,False,0.49589,0.50398,0.450378,57
gemini3_flash,newsroom,coh,1,5,True,0.538191,0.543808,0.480158,60
gemini3_flash,newsroom,coh,0,10,False,0.496666,0.507039,0.425096,60
gemini3_flash,newsroom,coh,0,100,False,0.340577,0.431324,0.349865,60
gemini3_flash,newsroom,flu,0,1,False,0.204681,0.223075,0.202693,60
gemini3_flash,newsroom,flu,1,3,False,0.357875,0.381824,0.337352,60
gemini3_flash,newsroom,flu,1,5,True,0.334646,0.345931,0.293305,60
gemini3_flash,newsroom,flu,0,10,False,0.223165,0.249008,0.205984,60
gemini3_flash,newsroom,flu,0,100,False,0.123328,0.152401,0.124584,60
gemini3_flash,newsroom,inf,0,1,False,0.461186,0.417146,0.380852,60
gemini3_flash,newsroom,inf,1,3,False,0.499229,0.44403,0.397434,60
gemini3_flash,newsroom,inf,1,5,True,0.585866,0.511103,0.44149,60
gemini3_flash,newsroom,inf,0,10,False,0.297346,0.38193,0.311489,60
gemini3_flash,newsroom,inf,0,100,False,0.235375,0.353013,0.282449,60
gemini3_flash,newsroom,rel,0,1,False,0.216182,0.235415,0.21776,28
gemini3_flash,newsroom,rel,1,3,False,0.312412,0.295676,0.266262,56
gemini3_flash,newsroom,rel,1,5,True,0.528099,0.494103,0.425376,58
gemini3_flash,newsroom,rel,0,10,False,0.378252,0.362692,0.295954,59
gemini3_flash,newsroom,rel,0,100,False,0.35467,0.466515,0.379664,60
gemini3_flash,tc,coh,0,1,True,0.558922,0.551491,0.526789,48
gemini3_flash,tc,coh,1,3,False,0.61872,0.616432,0.577113,48
gemini3_flash,tc,coh,1,5,False,0.638915,0.614412,0.559272,49
gemini3_flash,tc,coh,0,10,False,0.050745,0.079724,0.069303,50
gemini3_flash,tc,coh,0,100,False,0.132185,0.184452,0.159981,49
gemini3_flash,tc,eng,0,1,False,0.451125,0.458089,0.430488,21
gemini3_flash,tc,eng,1,3,True,0.672485,0.679966,0.625134,48
gemini3_flash,tc,eng,1,5,False,0.693447,0.688978,0.603672,50
gemini3_flash,tc,eng,0,10,False,0.63574,0.61271,0.522076,50
gemini3_flash,tc,eng,0,100,False,0.394704,0.361767,0.301287,50
gemini3_flash,tc,gro,0,1,True,0.550101,0.53803,0.520376,47
gemini3_flash,tc,gro,1,3,False,0.582565,0.565332,0.533485,48
gemini3_flash,tc,gro,1,5,False,0.537919,0.502368,0.479699,49
gemini3_flash,tc,gro,0,10,False,0.307438,0.367904,0.327331,50
gemini3_flash,tc,gro,0,100,False,0.252954,0.381726,0.341273,50
gemini3_flash,tc,nat,0,1,False,0.604322,0.598352,0.557906,48
gemini3_flash,tc,nat,1,3,True,0.605046,0.599862,0.53759,50
gemini3_flash,tc,nat,1,5,False,0.623708,0.600942,0.526226,50
gemini3_flash,tc,nat,0,10,False,0.405751,0.38864,0.326165,50
gemini3_flash,tc,nat,0,100,False,0.26277,0.265504,0.21968,50
gemini3_flash,wp_a,coh,0,1,False,0.446135,0.463435,0.373509,393
gemini3_flash,wp_a,coh,1,3,False,0.583453,0.585317,0.462454,397
gemini3_flash,wp_a,coh,1,5,True,0.580293,0.590182,0.446049,400
gemini3_flash,wp_a,coh,0,10,False,0.484916,0.483014,0.343455,400
gemini3_flash,wp_a,coh,0,100,False,0.466417,0.523362,0.382389,400
gemini3_flash,wp_a,enj,0,1,False,0.039851,0.060816,0.051985,400
gemini3_flash,wp_a,enj,1,3,False,0.403521,0.422486,0.331153,400
gemini3_flash,wp_a,enj,1,5,True,0.468245,0.484355,0.360741,400
gemini3_flash,wp_a,enj,0,10,False,0.489471,0.511463,0.371082,400
gemini3_flash,wp_a,enj,0,100,False,0.475282,0.491851,0.358007,400
gemini3_flash,wp_a,gra,0,1,False,0.373272,0.373777,0.304702,395
gemini3_flash,wp_a,gra,1,3,False,0.340899,0.327028,0.269611,379
gemini3_flash,wp_a,gra,1,5,True,0.465098,0.481843,0.372778,400
gemini3_flash,wp_a,gra,0,10,False,-0.161312,-0.095352,-0.067278,400
gemini3_flash,wp_a,gra,0,100,False,0.056269,0.116193,0.085287,400
gemini3_flash,wp_a,rel,0,1,False,0.505887,0.496794,0.403162,395
gemini3_flash,wp_a,rel,1,3,False,0.531552,0.527848,0.413847,393
gemini3_flash,wp_a,rel,1,5,True,0.589811,0.596417,0.461447,400
gemini3_flash,wp_a,rel,0,10,False,0.44936,0.445838,0.323874,400
gemini3_flash,wp_a,rel,0,100,False,0.544176,0.544059,0.397618,400
gemini31_pro,summeval,coh,0,1,False,0.559826,0.535182,0.445933,99
gemini31_pro,summeval,coh,1,3,False,0.616193,0.602801,0.517491,99
gemini31_pro,summeval,coh,1,5,True,0.623715,0.622013,0.530846,99
gemini31_pro,summeval,coh,0,10,False,0.542809,0.52586,0.435122,99
gemini31_pro,summeval,coh,0,100,False,0.427354,0.424429,0.337133,99
gemini31_pro,summeval,con,0,1,False,0.436942,0.424941,0.412532,94
gemini31_pro,summeval,con,1,3,False,0.472408,0.45847,0.444694,93
gemini31_pro,summeval,con,1,5,True,0.586961,0.554107,0.535687,90
gemini31_pro,summeval,con,0,10,False,0.436003,0.43871,0.415524,92
gemini31_pro,summeval,con,0,100,False,0.350286,0.38028,0.350213,90
gemini31_pro,summeval,flu,0,1,False,0.340625,0.299723,0.274704,98
gemini31_pro,summeval,flu,1,3,False,0.5255,0.441031,0.42001,90
gemini31_pro,summeval,flu,1,5,True,0.490972,0.374699,0.342884,98
gemini31_pro,summeval,flu,0,10,False,0.285192,0.275997,0.247828,96
gemini31_pro,summeval,flu,0,100,False,0.155916,0.254937,0.22137,98
gemini31_pro,summeval,rel,0,1,False,0.276514,0.27226,0.222166,97
gemini31_pro,summeval,rel,1,3,False,0.454666,0.46014,0.394166,97
gemini31_pro,summeval,rel,1,5,True,0.550524,0.54456,0.459197,97
gemini31_pro,summeval,rel,0,10,False,0.420667,0.406353,0.327927,97
gemini31_pro,summeval,rel,0,100,False,0.327812,0.324454,0.263231,97
gemini31_pro,newsroom,coh,0,1,False,0.438609,0.473107,0.424711,51
gemini31_pro,newsroom,coh,1,3,False,0.462116,0.475201,0.429441,38
gemini31_pro,newsroom,coh,1,5,True,0.473509,0.497066,0.447014,47
gemini31_pro,newsroom,coh,0,10,False,0.425594,0.444659,0.390298,60
gemini31_pro,newsroom,coh,0,100,False,0.4931,0.529552,0.469364,59
gemini31_pro,newsroom,flu,0,1,False,0.356422,0.3458,0.30557,60
gemini31_pro,newsroom,flu,1,3,False,0.381029,0.390476,0.35311,59
gemini31_pro,newsroom,flu,1,5,True,0.408072,0.415872,0.370428,60
gemini31_pro,newsroom,flu,0,10,False,0.314038,0.356512,0.30696,60
gemini31_pro,newsroom,flu,0,100,False,0.273184,0.309116,0.260288,60
gemini31_pro,newsroom,inf,0,1,False,0.367479,0.3467,0.313352,59
gemini31_pro,newsroom,inf,1,3,False,0.399465,0.364389,0.327042,60
gemini31_pro,newsroom,inf,1,5,True,0.434999,0.396036,0.356686,60
gemini31_pro,newsroom,inf,0,10,False,0.329603,0.338116,0.288452,60
gemini31_pro,newsroom,inf,0,100,False,0.33262,0.402057,0.356206,59
gemini31_pro,newsroom,rel,0,1,False,0.288785,0.344097,0.294993,58
gemini31_pro,newsroom,rel,1,3,False,0.305721,0.331657,0.300607,34
gemini31_pro,newsroom,rel,1,5,True,0.310608,0.300713,0.268005,52
gemini31_pro,newsroom,rel,0,10,False,0.362512,0.364711,0.315166,60
gemini31_pro,newsroom,rel,0,100,False,0.336745,0.392601,0.336724,60
gemini31_pro,tc,coh,0,1,True,0.576383,0.596943,0.570466,43
gemini31_pro,tc,coh,1,3,False,0.578894,0.583015,0.54944,48
gemini31_pro,tc,coh,1,5,False,0.643084,0.642061,0.603125,50
gemini31_pro,tc,coh,0,10,False,0.464423,0.449091,0.406465,50
gemini31_pro,tc,coh,0,100,False,0.405333,0.427924,0.377287,47
gemini31_pro,tc,eng,0,1,False,0.711102,0.672153,0.613656,47
gemini31_pro,tc,eng,1,3,True,0.694385,0.681906,0.631948,46
gemini31_pro,tc,eng,1,5,False,0.616935,0.616004,0.566807,50
gemini31_pro,tc,eng,0,10,False,0.636776,0.607921,0.546696,49
gemini31_pro,tc,eng,0,100,False,0.440636,0.427073,0.363902,48
gemini31_pro,tc,gro,0,1,True,0.336535,0.338603,0.326378,38
gemini31_pro,tc,gro,1,3,False,0.406552,0.403274,0.388915,41
gemini31_pro,tc,gro,1,5,False,0.483155,0.466701,0.447709,43
gemini31_pro,tc,gro,0,10,False,0.433784,0.420001,0.391984,41
gemini31_pro,tc,gro,0,100,False,0.275111,0.301688,0.272988,44
gemini31_pro,tc,nat,0,1,False,0.459946,0.434253,0.394694,49
gemini31_pro,tc,nat,1,3,True,0.602336,0.59391,0.551995,47
gemini31_pro,tc,nat,1,5,False,0.510577,0.511611,0.46139,47
gemini31_pro,tc,nat,0,10,False,0.524316,0.520579,0.452977,49
gemini31_pro,tc,nat,0,100,False,0.454803,0.451685,0.382263,50
gemini31_pro,wp_a,coh,0,1,False,0.442189,0.407897,0.322078,364
gemini31_pro,wp_a,coh,1,3,False,0.47342,0.498147,0.418497,359
gemini31_pro,wp_a,coh,1,5,True,0.56751,0.574716,0.467733,357
gemini31_pro,wp_a,coh,0,10,False,0.531846,0.506289,0.387602,357
gemini31_pro,wp_a,coh,0,100,False,0.4639,0.472643,0.357426,335
gemini31_pro,wp_a,enj,0,1,False,0.320978,0.231103,0.182928,354
gemini31_pro,wp_a,enj,1,3,False,0.349273,0.366693,0.303212,366
gemini31_pro,wp_a,enj,1,5,True,0.400762,0.413103,0.333778,352
gemini31_pro,wp_a,enj,0,10,False,0.380398,0.339829,0.264031,349
gemini31_pro,wp_a,enj,0,100,False,0.318179,0.286653,0.219441,350
gemini31_pro,wp_a,gra,0,1,False,0.326219,0.425704,0.349549,363
gemini31_pro,wp_a,gra,1,3,False,0.32793,0.297206,0.251771,353
gemini31_pro,wp_a,gra,1,5,True,0.417216,0.395099,0.327329,366
gemini31_pro,wp_a,gra,0,10,False,0.169806,0.312771,0.25229,370
gemini31_pro,wp_a,gra,0,100,False,0.106181,0.274324,0.214305,352
gemini31_pro,wp_a,rel,0,1,False,0.325691,0.309513,0.255455,362
gemini31_pro,wp_a,rel,1,3,False,0.473334,0.474064,0.394629,357
gemini31_pro,wp_a,rel,1,5,True,0.398644,0.403922,0.325595,352
gemini31_pro,wp_a,rel,0,10,False,0.421664,0.412758,0.336848,364
gemini31_pro,wp_a,rel,0,100,False,0.39051,0.40259,0.320299,345
gpt54,summeval,coh,0,1,False,0.60229,0.619309,0.497005,99
gpt54,summeval,coh,1,3,False,0.626148,0.617939,0.515031,99
gpt54,summeval,coh,1,5,True,0.634709,0.629961,0.536095,99
gpt54,summeval,coh,0,10,False,0.597193,0.618833,0.51326,99
gpt54,summeval,coh,0,100,False,0.599845,0.628955,0.513716,99
gpt54,summeval,con,0,1,False,0.772609,0.719652,0.685319,93
gpt54,summeval,con,1,3,False,0.744192,0.697071,0.668353,92
gpt54,summeval,con,1,5,True,0.779035,0.712847,0.680875,92
gpt54,summeval,con,0,10,False,0.745556,0.684291,0.648217,94
gpt54,summeval,con,0,100,False,0.766378,0.693562,0.656709,94
gpt54,summeval,flu,0,1,False,0.350174,0.319773,0.267854,98
gpt54,summeval,flu,1,3,False,0.494912,0.402726,0.359228,98
gpt54,summeval,flu,1,5,True,0.547557,0.43197,0.389098,98
gpt54,summeval,flu,0,10,False,0.588619,0.433731,0.378744,98
gpt54,summeval,flu,0,100,False,0.613344,0.435561,0.367529,98
gpt54,summeval,rel,0,1,False,0.566711,0.53573,0.429036,97
gpt54,summeval,rel,1,3,False,0.586012,0.550946,0.462862,97
gpt54,summeval,rel,1,5,True,0.584338,0.549203,0.462512,97
gpt54,summeval,rel,0,10,False,0.591533,0.556659,0.458611,97
gpt54,summeval,rel,0,100,False,0.586971,0.556939,0.455694,97
gpt54,newsroom,coh,0,1,False,0.575142,0.594865,0.518277,60
gpt54,newsroom,coh,1,3,False,0.457475,0.4769,0.419901,59
gpt54,newsroom,coh,1,5,True,0.464781,0.483441,0.426118,59
gpt54,newsroom,coh,0,10,False,0.555446,0.584877,0.501498,60
gpt54,newsroom,coh,0,100,False,0.548407,0.575654,0.487345,60
gpt54,newsroom,flu,0,1,False,0.470194,0.424693,0.359506,60
gpt54,newsroom,flu,1,3,False,0.151301,0.191851,0.166393,60
gpt54,newsroom,flu,1,5,True,0.224363,0.274754,0.23751,60
gpt54,newsroom,flu,0,10,False,0.149669,0.135552,0.125694,60
gpt54,newsroom,flu,0,100,False,0.168324,0.170205,0.145117,60
gpt54,newsroom,inf,0,1,False,0.551489,0.522096,0.445507,59
gpt54,newsroom,inf,1,3,False,0.504877,0.483471,0.420587,59
gpt54,newsroom,inf,1,5,True,0.505486,0.489625,0.426038,59
gpt54,newsroom,inf,0,10,False,0.525583,0.521318,0.437995,59
gpt54,newsroom,inf,0,100,False,0.547061,0.557535,0.469895,59
gpt54,newsroom,rel,0,1,False,0.536353,0.508589,0.439223,59
gpt54,newsroom,rel,1,3,False,0.395017,0.411483,0.369519,27
gpt54,newsroom,rel,1,5,True,0.448279,0.445236,0.388449,58
gpt54,newsroom,rel,0,10,False,0.546973,0.551897,0.467766,60
gpt54,newsroom,rel,0,100,False,0.532542,0.531997,0.457679,60
gpt54,tc,coh,0,1,True,0.553003,0.504039,0.429409,50
gpt54,tc,coh,1,3,False,0.538501,0.546692,0.514587,49
gpt54,tc,coh,1,5,False,0.566783,0.565978,0.519518,49
gpt54,tc,coh,0,10,False,0.531395,0.501719,0.436177,50
gpt54,tc,coh,0,100,False,0.547272,0.547593,0.479611,50
gpt54,tc,eng,0,1,False,0.757136,0.733869,0.639827,50
gpt54,tc,eng,1,3,True,0.704508,0.707362,0.647421,49
gpt54,tc,eng,1,5,False,0.745012,0.739667,0.677953,49
gpt54,tc,eng,0,10,False,0.752886,0.750237,0.673652,50
gpt54,tc,eng,0,100,False,0.73394,0.697765,0.61634,50
gpt54,tc,gro,0,1,True,0.683394,0.659916,0.590984,50
gpt54,tc,gro,1,3,False,0.741265,0.717777,0.686597,48
gpt54,tc,gro,1,5,False,0.711774,0.702606,0.67172,49
gpt54,tc,gro,0,10,False,0.729193,0.693538,0.639708,49
gpt54,tc,gro,0,100,False,0.701476,0.642724,0.57292,50
gpt54,tc,nat,0,1,False,0.609825,0.607261,0.513704,50
gpt54,tc,nat,1,3,True,0.627654,0.6159,0.557806,49
gpt54,tc,nat,1,5,False,0.622402,0.5881,0.511175,50
gpt54,tc,nat,0,10,False,0.628207,0.595572,0.518981,50
gpt54,tc,nat,0,100,False,0.645534,0.61613,0.507184,50
gpt54,wp_a,coh,0,1,False,0.448178,0.427959,0.317604,397
gpt54,wp_a,coh,1,3,False,0.496652,0.494155,0.375549,395
gpt54,wp_a,coh,1,5,True,0.481725,0.474294,0.36766,392
gpt54,wp_a,coh,0,10,False,0.485396,0.496423,0.365746,389
gpt54,wp_a,coh,0,100,False,0.52806,0.526081,0.389221,399
gpt54,wp_a,enj,0,1,False,0.401138,0.396766,0.285874,400
gpt54,wp_a,enj,1,3,False,0.438667,0.426639,0.317255,399
gpt54,wp_a,enj,1,5,True,0.48251,0.487635,0.370115,394
gpt54,wp_a,enj,0,10,False,0.457027,0.460597,0.33032,392
gpt54,wp_a,enj,0,100,False,0.414922,0.419104,0.301279,395
gpt54,wp_a,gra,0,1,False,0.272606,0.314279,0.231931,400
gpt54,wp_a,gra,1,3,False,0.36668,0.364273,0.283177,400
gpt54,wp_a,gra,1,5,True,0.397184,0.408936,0.322278,400
gpt54,wp_a,gra,0,10,False,0.399491,0.447857,0.341224,400
gpt54,wp_a,gra,0,100,False,0.409623,0.436096,0.321958,400
gpt54,wp_a,rel,0,1,False,0.390758,0.378088,0.297046,399
gpt54,wp_a,rel,1,3,False,0.59889,0.630985,0.491303,397
gpt54,wp_a,rel,1,5,True,0.578719,0.60104,0.473522,398
gpt54,wp_a,rel,0,10,False,0.588225,0.615509,0.470256,399
gpt54,wp_a,rel,0,100,False,0.608683,0.660296,0.499676,399
opus47,summeval,coh,0,1,False,0.643227,0.644797,0.547805,99
opus47,summeval,coh,1,3,False,0.64495,0.649245,0.548302,99
opus47,summeval,coh,1,5,True,0.63835,0.623896,0.520783,99
opus47,summeval,coh,0,10,False,0.647684,0.647754,0.542567,99
opus47,summeval,coh,0,100,False,0.640142,0.643382,0.535119,99
opus47,summeval,con,0,1,False,0.77215,0.695335,0.661683,94
opus47,summeval,con,1,3,False,0.761764,0.692077,0.664319,94
opus47,summeval,con,1,5,True,0.726634,0.689317,0.663728,94
opus47,summeval,con,0,10,False,0.771556,0.680104,0.644715,94
opus47,summeval,con,0,100,False,0.767765,0.609262,0.560705,94
opus47,summeval,flu,0,1,False,0.622611,0.49609,0.45039,98
opus47,summeval,flu,1,3,False,0.636809,0.520101,0.477726,98
opus47,summeval,flu,1,5,True,0.60966,0.492248,0.444199,98
opus47,summeval,flu,0,10,False,0.656025,0.509281,0.45727,98
opus47,summeval,flu,0,100,False,0.6426,0.502155,0.450628,98
opus47,summeval,rel,0,1,False,0.547098,0.521257,0.446731,97
opus47,summeval,rel,1,3,False,0.523931,0.50291,0.432317,97
opus47,summeval,rel,1,5,True,0.537244,0.50905,0.438558,97
opus47,summeval,rel,0,10,False,0.556466,0.530018,0.443628,97
opus47,summeval,rel,0,100,False,0.587393,0.576756,0.485346,97
opus47,newsroom,coh,0,1,False,0.582551,0.581291,0.512575,60
opus47,newsroom,coh,1,3,False,0.565248,0.56207,0.492379,60
opus47,newsroom,coh,1,5,True,0.582447,0.573951,0.507475,60
opus47,newsroom,coh,0,10,False,0.602236,0.61071,0.535465,60
opus47,newsroom,coh,0,100,False,0.61608,0.591551,0.510562,60
opus47,newsroom,flu,0,1,False,0.588998,0.572595,0.481855,60
opus47,newsroom,flu,1,3,False,0.579592,0.586197,0.498061,60
opus47,newsroom,flu,1,5,True,0.604004,0.59921,0.511436,60
opus47,newsroom,flu,0,10,False,0.598727,0.599566,0.498954,60
opus47,newsroom,flu,0,100,False,0.625392,0.60434,0.514774,60
opus47,newsroom,inf,0,1,False,0.652492,0.572417,0.482883,60
opus47,newsroom,inf,1,3,False,0.629872,0.580356,0.504622,60
opus47,newsroom,inf,1,5,True,0.615859,0.597301,0.517115,60
opus47,newsroom,inf,0,10,False,0.651152,0.594391,0.499622,60
opus47,newsroom,inf,0,100,False,0.678504,0.598506,0.503923,60
opus47,newsroom,rel,0,1,False,0.645604,0.55251,0.472057,60
opus47,newsroom,rel,1,3,False,0.559381,0.504528,0.447946,60
opus47,newsroom,rel,1,5,True,0.617432,0.568768,0.509984,60
opus47,newsroom,rel,0,10,False,0.624672,0.576485,0.4931,60
opus47,newsroom,rel,0,100,False,0.667738,0.570998,0.485237,60
opus47,tc,coh,0,1,True,0.697362,0.6932,0.622306,50
opus47,tc,coh,1,3,False,0.670712,0.658,0.599589,50
opus47,tc,coh,1,5,False,0.618468,0.667189,0.611746,50
opus47,tc,coh,0,10,False,0.669533,0.646578,0.56827,50
opus47,tc,coh,0,100,False,0.683008,0.679443,0.601374,50
opus47,tc,eng,0,1,False,0.818269,0.797666,0.720912,50
opus47,tc,eng,1,3,True,0.806358,0.799477,0.725353,50
opus47,tc,eng,1,5,False,0.783501,0.781327,0.708082,50
opus47,tc,eng,0,10,False,0.779362,0.764723,0.681269,50
opus47,tc,eng,0,100,False,0.829251,0.787483,0.697452,50
opus47,tc,gro,0,1,True,0.857822,0.808668,0.748903,50
opus47,tc,gro,1,3,False,0.851777,0.822947,0.780376,49
opus47,tc,gro,1,5,False,0.81002,0.818458,0.777364,49
opus47,tc,gro,0,10,False,0.866999,0.810487,0.751188,50
opus47,tc,gro,0,100,False,0.853238,0.807287,0.744757,50
opus47,tc,nat,0,1,False,0.726971,0.713211,0.623261,50
opus47,tc,nat,1,3,True,0.687886,0.664979,0.587933,50
opus47,tc,nat,1,5,False,0.701365,0.679858,0.602811,50
opus47,tc,nat,0,10,False,0.644257,0.658338,0.574095,50
opus47,tc,nat,0,100,False,0.716447,0.68049,0.591352,50
opus47,wp_a,coh,0,1,False,0.604451,0.628005,0.502944,399
opus47,wp_a,coh,1,3,False,0.603161,0.616414,0.484741,400
opus47,wp_a,coh,1,5,True,0.555078,0.592194,0.463914,400
opus47,wp_a,coh,0,10,False,0.576205,0.605899,0.473651,400
opus47,wp_a,coh,0,100,False,0.574777,0.607786,0.471187,400
opus47,wp_a,enj,0,1,False,0.475253,0.520232,0.408227,400
opus47,wp_a,enj,1,3,False,0.494112,0.529375,0.417985,400
opus47,wp_a,enj,1,5,True,0.501665,0.530205,0.419047,400
opus47,wp_a,enj,0,10,False,0.449204,0.529447,0.413188,400
opus47,wp_a,enj,0,100,False,0.47565,0.539371,0.41588,397
opus47,wp_a,gra,0,1,False,0.515848,0.505142,0.412212,400
opus47,wp_a,gra,1,3,False,0.544814,0.550204,0.433389,400
opus47,wp_a,gra,1,5,True,0.519589,0.521503,0.417431,400
opus47,wp_a,gra,0,10,False,0.497336,0.518517,0.407126,400
opus47,wp_a,gra,0,100,False,0.517565,0.51777,0.405281,400
opus47,wp_a,rel,0,1,False,0.642901,0.66111,0.519875,400
opus47,wp_a,rel,1,3,False,0.603901,0.609614,0.484023,400
opus47,wp_a,rel,1,5,True,0.612081,0.637106,0.510056,400
opus47,wp_a,rel,0,10,False,0.615525,0.66356,0.526109,399
opus47,wp_a,rel,0,100,False,0.641409,0.660254,0.506556,400
